No,Product Type,Primary,On Primary,Secondary,On Secondary,Accent,On Accent,Background,Foreground,Card,Card Foreground,Muted,Muted Foreground,Border,Destructive,On Destructive,Ring,Notes
1,SaaS (General),#2563EB,#FFFFFF,#3B82F6,#FFFFFF,#EA580C,#FFFFFF,#F8FAFC,#1E293B,#FFFFFF,#1E293B,#E9EFF8,#64748B,#E2E8F0,#DC2626,#FFFFFF,#2563EB,Trust blue + orange CTA contrast [Accent adjusted from #F97316 for WCAG 3:1]
2,Micro SaaS,#6366F1,#FFFFFF,#818CF8,#0F172A,#059669,#FFFFFF,#F5F3FF,#1E1B4B,#FFFFFF,#1E1B4B,#EBEFF9,#64748B,#E0E7FF,#DC2626,#FFFFFF,#6366F1,Indigo primary + emerald CTA [Accent adjusted from #10B981 for WCAG 3:1]
3,E-commerce,#059669,#FFFFFF,#10B981,#0F172A,#EA580C,#FFFFFF,#ECFDF5,#064E3B,#FFFFFF,#064E3B,#E8F1F3,#64748B,#A7F3D0,#DC2626,#FFFFFF,#059669,Success green + urgency orange [Accent adjusted from #F97316 for WCAG 3:1]
4,E-commerce Luxury,#1C1917,#FFFFFF,#44403C,#FFFFFF,#A16207,#FFFFFF,#FAFAF9,#0C0A09,#FFFFFF,#0C0A09,#E8ECF0,#64748B,#D6D3D1,#DC2626,#FFFFFF,#1C1917,Premium dark + gold accent [Accent adjusted from #CA8A04 for WCAG 3:1]
5,B2B Service,#0F172A,#FFFFFF,#334155,#FFFFFF,#0369A1,#FFFFFF,#F8FAFC,#020617,#FFFFFF,#020617,#E8ECF1,#64748B,#E2E8F0,#DC2626,#FFFFFF,#0F172A,Professional navy + blue CTA
6,Financial Dashboard,#0F172A,#FFFFFF,#1E293B,#FFFFFF,#22C55E,#0F172A,#020617,#F8FAFC,#0E1223,#F8FAFC,#1A1E2F,#94A3B8,#334155,#EF4444,#FFFFFF,#0F172A,Dark bg + green positive indicators
7,Analytics Dashboard,#1E40AF,#FFFFFF,#3B82F6,#FFFFFF,#D97706,#FFFFFF,#F8FAFC,#1E3A8A,#FFFFFF,#1E3A8A,#E9EEF6,#64748B,#DBEAFE,#DC2626,#FFFFFF,#1E40AF,Blue data + amber highlights [Accent adjusted from #F59E0B for WCAG 3:1]
8,Healthcare App,#0891B2,#FFFFFF,#22D3EE,#0F172A,#059669,#FFFFFF,#ECFEFF,#164E63,#FFFFFF,#164E63,#E8F1F6,#64748B,#A5F3FC,#DC2626,#FFFFFF,#0891B2,Calm cyan + health green
9,Educational App,#4F46E5,#FFFFFF,#818CF8,#0F172A,#EA580C,#FFFFFF,#EEF2FF,#1E1B4B,#FFFFFF,#1E1B4B,#EBEEF8,#64748B,#C7D2FE,#DC2626,#FFFFFF,#4F46E5,Playful indigo + energetic orange [Accent adjusted from #F97316 for WCAG 3:1]
10,Creative Agency,#EC4899,#FFFFFF,#F472B6,#0F172A,#0891B2,#FFFFFF,#FDF2F8,#831843,#FFFFFF,#831843,#F1EEF5,#64748B,#FBCFE8,#DC2626,#FFFFFF,#EC4899,Bold pink + cyan accent [Accent adjusted from #06B6D4 for WCAG 3:1]
11,Portfolio/Personal,#18181B,#FFFFFF,#3F3F46,#FFFFFF,#2563EB,#FFFFFF,#FAFAFA,#09090B,#FFFFFF,#09090B,#E8ECF0,#64748B,#E4E4E7,#DC2626,#FFFFFF,#18181B,Monochrome + blue accent
12,Gaming,#7C3AED,#FFFFFF,#A78BFA,#0F172A,#F43F5E,#FFFFFF,#0F0F23,#E2E8F0,#1E1C35,#E2E8F0,#27273B,#94A3B8,#4C1D95,#EF4444,#FFFFFF,#7C3AED,Neon purple + rose action
13,Government/Public Service,#0F172A,#FFFFFF,#334155,#FFFFFF,#0369A1,#FFFFFF,#F8FAFC,#020617,#FFFFFF,#020617,#E8ECF1,#64748B,#E2E8F0,#DC2626,#FFFFFF,#0F172A,High contrast navy + blue
14,Fintech/Crypto,#F59E0B,#0F172A,#FBBF24,#0F172A,#8B5CF6,#FFFFFF,#0F172A,#F8FAFC,#222735,#F8FAFC,#272F42,#94A3B8,#334155,#EF4444,#FFFFFF,#F59E0B,Gold trust + purple tech
15,Social Media App,#E11D48,#FFFFFF,#FB7185,#0F172A,#2563EB,#FFFFFF,#FFF1F2,#881337,#FFFFFF,#881337,#F0ECF2,#64748B,#FECDD3,#DC2626,#FFFFFF,#E11D48,Vibrant rose + engagement blue
16,Productivity Tool,#0D9488,#FFFFFF,#14B8A6,#0F172A,#EA580C,#FFFFFF,#F0FDFA,#134E4A,#FFFFFF,#134E4A,#E8F1F4,#64748B,#99F6E4,#DC2626,#FFFFFF,#0D9488,Teal focus + action orange [Accent adjusted from #F97316 for WCAG 3:1]
17,Design System/Component Library,#4F46E5,#FFFFFF,#6366F1,#FFFFFF,#EA580C,#FFFFFF,#EEF2FF,#312E81,#FFFFFF,#312E81,#EBEEF8,#64748B,#C7D2FE,#DC2626,#FFFFFF,#4F46E5,Indigo brand + doc hierarchy [Accent adjusted from #F97316 for WCAG 3:1]
18,AI/Chatbot Platform,#7C3AED,#FFFFFF,#A78BFA,#0F172A,#0891B2,#FFFFFF,#FAF5FF,#1E1B4B,#FFFFFF,#1E1B4B,#ECEEF9,#64748B,#DDD6FE,#DC2626,#FFFFFF,#7C3AED,AI purple + cyan interactions [Accent adjusted from #06B6D4 for WCAG 3:1]
19,NFT/Web3 Platform,#8B5CF6,#FFFFFF,#A78BFA,#0F172A,#FBBF24,#0F172A,#0F0F23,#F8FAFC,#1E1D35,#F8FAFC,#27273B,#94A3B8,#4C1D95,#EF4444,#FFFFFF,#8B5CF6,Purple tech + gold value
20,Creator Economy Platform,#EC4899,#FFFFFF,#F472B6,#0F172A,#EA580C,#FFFFFF,#FDF2F8,#831843,#FFFFFF,#831843,#F1EEF5,#64748B,#FBCFE8,#DC2626,#FFFFFF,#EC4899,Creator pink + engagement orange [Accent adjusted from #F97316 for WCAG 3:1]
21,Remote Work/Collaboration Tool,#6366F1,#FFFFFF,#818CF8,#0F172A,#059669,#FFFFFF,#F5F3FF,#312E81,#FFFFFF,#312E81,#EBEFF9,#64748B,#E0E7FF,#DC2626,#FFFFFF,#6366F1,Calm indigo + success green [Accent adjusted from #10B981 for WCAG 3:1]
22,Mental Health App,#8B5CF6,#FFFFFF,#C4B5FD,#0F172A,#059669,#FFFFFF,#FAF5FF,#4C1D95,#FFFFFF,#4C1D95,#EDEFF9,#64748B,#EDE9FE,#DC2626,#FFFFFF,#8B5CF6,Calming lavender + wellness green [Accent adjusted from #10B981 for WCAG 3:1]
23,Pet Tech App,#F97316,#0F172A,#FB923C,#0F172A,#2563EB,#FFFFFF,#FFF7ED,#9A3412,#FFFFFF,#9A3412,#F1F0F0,#64748B,#FED7AA,#DC2626,#FFFFFF,#F97316,Playful orange + trust blue
24,Smart Home/IoT Dashboard,#1E293B,#FFFFFF,#334155,#FFFFFF,#22C55E,#0F172A,#0F172A,#F8FAFC,#1B2336,#F8FAFC,#272F42,#94A3B8,#475569,#EF4444,#FFFFFF,#1E293B,Dark tech + status green
25,EV/Charging Ecosystem,#0891B2,#FFFFFF,#22D3EE,#0F172A,#16A34A,#FFFFFF,#ECFEFF,#164E63,#FFFFFF,#164E63,#E8F1F6,#64748B,#A5F3FC,#DC2626,#FFFFFF,#0891B2,Electric cyan + eco green [Accent adjusted from #22C55E for WCAG 3:1]
26,Subscription Box Service,#D946EF,#FFFFFF,#E879F9,#0F172A,#EA580C,#FFFFFF,#FDF4FF,#86198F,#FFFFFF,#86198F,#F0EEF9,#64748B,#F5D0FE,#DC2626,#FFFFFF,#D946EF,Excitement purple + urgency orange [Accent adjusted from #F97316 for WCAG 3:1]
27,Podcast Platform,#1E1B4B,#FFFFFF,#312E81,#FFFFFF,#F97316,#0F172A,#0F0F23,#F8FAFC,#1B1B30,#F8FAFC,#27273B,#94A3B8,#4338CA,#EF4444,#FFFFFF,#1E1B4B,Dark audio + warm accent
28,Dating App,#E11D48,#FFFFFF,#FB7185,#0F172A,#EA580C,#FFFFFF,#FFF1F2,#881337,#FFFFFF,#881337,#F0ECF2,#64748B,#FECDD3,#DC2626,#FFFFFF,#E11D48,Romantic rose + warm orange [Accent adjusted from #F97316 for WCAG 3:1]
29,Micro-Credentials/Badges Platform,#0369A1,#FFFFFF,#0EA5E9,#0F172A,#A16207,#FFFFFF,#F0F9FF,#0C4A6E,#FFFFFF,#0C4A6E,#E7EFF5,#64748B,#BAE6FD,#DC2626,#FFFFFF,#0369A1,Trust blue + achievement gold [Accent adjusted from #CA8A04 for WCAG 3:1]
30,Knowledge Base/Documentation,#475569,#FFFFFF,#64748B,#FFFFFF,#2563EB,#FFFFFF,#F8FAFC,#1E293B,#FFFFFF,#1E293B,#EAEFF3,#64748B,#E2E8F0,#DC2626,#FFFFFF,#475569,Neutral grey + link blue
31,Hyperlocal Services,#059669,#FFFFFF,#10B981,#0F172A,#EA580C,#FFFFFF,#ECFDF5,#064E3B,#FFFFFF,#064E3B,#E8F1F3,#64748B,#A7F3D0,#DC2626,#FFFFFF,#059669,Location green + action orange [Accent adjusted from #F97316 for WCAG 3:1]
32,Beauty/Spa/Wellness Service,#EC4899,#FFFFFF,#F9A8D4,#0F172A,#8B5CF6,#FFFFFF,#FDF2F8,#831843,#FFFFFF,#831843,#F1EEF5,#64748B,#FBCFE8,#DC2626,#FFFFFF,#EC4899,Soft pink + lavender luxury
33,Luxury/Premium Brand,#1C1917,#FFFFFF,#44403C,#FFFFFF,#A16207,#FFFFFF,#FAFAF9,#0C0A09,#FFFFFF,#0C0A09,#E8ECF0,#64748B,#D6D3D1,#DC2626,#FFFFFF,#1C1917,Premium black + gold accent [Accent adjusted from #CA8A04 for WCAG 3:1]
34,Restaurant/Food Service,#DC2626,#FFFFFF,#F87171,#0F172A,#A16207,#FFFFFF,#FEF2F2,#450A0A,#FFFFFF,#450A0A,#F0EDF1,#64748B,#FECACA,#DC2626,#FFFFFF,#DC2626,Appetizing red + warm gold [Accent adjusted from #CA8A04 for WCAG 3:1]
35,Fitness/Gym App,#F97316,#0F172A,#FB923C,#0F172A,#22C55E,#0F172A,#1F2937,#F8FAFC,#313742,#F8FAFC,#37414F,#94A3B8,#374151,#EF4444,#FFFFFF,#F97316,Energy orange + success green
36,Real Estate/Property,#0F766E,#FFFFFF,#14B8A6,#0F172A,#0369A1,#FFFFFF,#F0FDFA,#134E4A,#FFFFFF,#134E4A,#E8F0F3,#64748B,#99F6E4,#DC2626,#FFFFFF,#0F766E,Trust teal + professional blue
37,Travel/Tourism Agency,#0EA5E9,#0F172A,#38BDF8,#0F172A,#EA580C,#FFFFFF,#F0F9FF,#0C4A6E,#FFFFFF,#0C4A6E,#E8F2F8,#64748B,#BAE6FD,#DC2626,#FFFFFF,#0EA5E9,Sky blue + adventure orange [Accent adjusted from #F97316 for WCAG 3:1]
38,Hotel/Hospitality,#1E3A8A,#FFFFFF,#3B82F6,#FFFFFF,#A16207,#FFFFFF,#F8FAFC,#1E40AF,#FFFFFF,#1E40AF,#E9EEF5,#64748B,#BFDBFE,#DC2626,#FFFFFF,#1E3A8A,Luxury navy + gold service [Accent adjusted from #CA8A04 for WCAG 3:1]
39,Wedding/Event Planning,#DB2777,#FFFFFF,#F472B6,#0F172A,#A16207,#FFFFFF,#FDF2F8,#831843,#FFFFFF,#831843,#F0EDF4,#64748B,#FBCFE8,#DC2626,#FFFFFF,#DB2777,Romantic pink + elegant gold [Accent adjusted from #CA8A04 for WCAG 3:1]
40,Legal Services,#1E3A8A,#FFFFFF,#1E40AF,#FFFFFF,#B45309,#FFFFFF,#F8FAFC,#0F172A,#FFFFFF,#0F172A,#E9EEF5,#64748B,#CBD5E1,#DC2626,#FFFFFF,#1E3A8A,Authority navy + trust gold
41,Insurance Platform,#0369A1,#FFFFFF,#0EA5E9,#0F172A,#16A34A,#FFFFFF,#F0F9FF,#0C4A6E,#FFFFFF,#0C4A6E,#E7EFF5,#64748B,#BAE6FD,#DC2626,#FFFFFF,#0369A1,Security blue + protected green [Accent adjusted from #22C55E for WCAG 3:1]
42,Banking/Traditional Finance,#0F172A,#FFFFFF,#1E3A8A,#FFFFFF,#A16207,#FFFFFF,#F8FAFC,#020617,#FFFFFF,#020617,#E8ECF1,#64748B,#E2E8F0,#DC2626,#FFFFFF,#0F172A,Trust navy + premium gold [Accent adjusted from #CA8A04 for WCAG 3:1]
43,Online Course/E-learning,#0D9488,#FFFFFF,#2DD4BF,#0F172A,#EA580C,#FFFFFF,#F0FDFA,#134E4A,#FFFFFF,#134E4A,#E8F1F4,#64748B,#5EEAD4,#DC2626,#FFFFFF,#0D9488,Progress teal + achievement orange [Accent adjusted from #F97316 for WCAG 3:1]
44,Non-profit/Charity,#0891B2,#FFFFFF,#22D3EE,#0F172A,#EA580C,#FFFFFF,#ECFEFF,#164E63,#FFFFFF,#164E63,#E8F1F6,#64748B,#A5F3FC,#DC2626,#FFFFFF,#0891B2,Compassion blue + action orange [Accent adjusted from #F97316 for WCAG 3:1]
45,Music Streaming,#1E1B4B,#FFFFFF,#4338CA,#FFFFFF,#22C55E,#0F172A,#0F0F23,#F8FAFC,#1B1B30,#F8FAFC,#27273B,#94A3B8,#312E81,#EF4444,#FFFFFF,#1E1B4B,Dark audio + play green
46,Video Streaming/OTT,#0F0F23,#FFFFFF,#1E1B4B,#FFFFFF,#E11D48,#FFFFFF,#000000,#F8FAFC,#0C0C0D,#F8FAFC,#181818,#94A3B8,#312E81,#EF4444,#FFFFFF,#0F0F23,Cinema dark + play red
47,Job Board/Recruitment,#0369A1,#FFFFFF,#0EA5E9,#0F172A,#16A34A,#FFFFFF,#F0F9FF,#0C4A6E,#FFFFFF,#0C4A6E,#E7EFF5,#64748B,#BAE6FD,#DC2626,#FFFFFF,#0369A1,Professional blue + success green [Accent adjusted from #22C55E for WCAG 3:1]
48,Marketplace (P2P),#7C3AED,#FFFFFF,#A78BFA,#0F172A,#16A34A,#FFFFFF,#FAF5FF,#4C1D95,#FFFFFF,#4C1D95,#ECEEF9,#64748B,#DDD6FE,#DC2626,#FFFFFF,#7C3AED,Trust purple + transaction green [Accent adjusted from #22C55E for WCAG 3:1]
49,Logistics/Delivery,#2563EB,#FFFFFF,#3B82F6,#FFFFFF,#EA580C,#FFFFFF,#EFF6FF,#1E40AF,#FFFFFF,#1E40AF,#E9EFF8,#64748B,#BFDBFE,#DC2626,#FFFFFF,#2563EB,Tracking blue + delivery orange [Accent adjusted from #F97316 for WCAG 3:1]
50,Agriculture/Farm Tech,#15803D,#FFFFFF,#22C55E,#0F172A,#A16207,#FFFFFF,#F0FDF4,#14532D,#FFFFFF,#14532D,#E8F0F1,#64748B,#BBF7D0,#DC2626,#FFFFFF,#15803D,Earth green + harvest gold [Accent adjusted from #CA8A04 for WCAG 3:1]
51,Construction/Architecture,#64748B,#FFFFFF,#94A3B8,#0F172A,#EA580C,#FFFFFF,#F8FAFC,#334155,#FFFFFF,#334155,#EBF0F5,#64748B,#E2E8F0,#DC2626,#FFFFFF,#64748B,Industrial grey + safety orange [Accent adjusted from #F97316 for WCAG 3:1]
52,Automotive/Car Dealership,#1E293B,#FFFFFF,#334155,#FFFFFF,#DC2626,#FFFFFF,#F8FAFC,#0F172A,#FFFFFF,#0F172A,#E9EDF1,#64748B,#E2E8F0,#DC2626,#FFFFFF,#1E293B,Premium dark + action red
53,Photography Studio,#18181B,#FFFFFF,#27272A,#FFFFFF,#F8FAFC,#0F172A,#000000,#FAFAFA,#0C0C0C,#FAFAFA,#181818,#94A3B8,#3F3F46,#EF4444,#FFFFFF,#18181B,Pure black + white contrast
54,Coworking Space,#F59E0B,#0F172A,#FBBF24,#0F172A,#2563EB,#FFFFFF,#FFFBEB,#78350F,#FFFFFF,#78350F,#F1F2EF,#64748B,#FDE68A,#DC2626,#FFFFFF,#F59E0B,Energetic amber + booking blue
55,Home Services (Plumber/Electrician),#1E40AF,#FFFFFF,#3B82F6,#FFFFFF,#EA580C,#FFFFFF,#EFF6FF,#1E3A8A,#FFFFFF,#1E3A8A,#E9EEF6,#64748B,#BFDBFE,#DC2626,#FFFFFF,#1E40AF,Professional blue + urgent orange [Accent adjusted from #F97316 for WCAG 3:1]
56,Childcare/Daycare,#F472B6,#0F172A,#FBCFE8,#0F172A,#16A34A,#FFFFFF,#FDF2F8,#9D174D,#FFFFFF,#9D174D,#F1F0F6,#64748B,#FCE7F3,#DC2626,#FFFFFF,#F472B6,Soft pink + safe green [Accent adjusted from #22C55E for WCAG 3:1]
57,Senior Care/Elderly,#0369A1,#FFFFFF,#38BDF8,#0F172A,#16A34A,#FFFFFF,#F0F9FF,#0C4A6E,#FFFFFF,#0C4A6E,#E7EFF5,#64748B,#E0F2FE,#DC2626,#FFFFFF,#0369A1,Calm blue + reassuring green [Accent adjusted from #22C55E for WCAG 3:1]
58,Medical Clinic,#0891B2,#FFFFFF,#22D3EE,#0F172A,#16A34A,#FFFFFF,#F0FDFA,#134E4A,#FFFFFF,#134E4A,#E8F1F6,#64748B,#CCFBF1,#DC2626,#FFFFFF,#0891B2,Medical teal + health green [Accent adjusted from #22C55E for WCAG 3:1]
59,Pharmacy/Drug Store,#15803D,#FFFFFF,#22C55E,#0F172A,#0369A1,#FFFFFF,#F0FDF4,#14532D,#FFFFFF,#14532D,#E8F0F1,#64748B,#BBF7D0,#DC2626,#FFFFFF,#15803D,Pharmacy green + trust blue
60,Dental Practice,#0EA5E9,#0F172A,#38BDF8,#0F172A,#0EA5E9,#0F172A,#F0F9FF,#0C4A6E,#FFFFFF,#0C4A6E,#E8F2F8,#64748B,#BAE6FD,#DC2626,#FFFFFF,#0EA5E9,Fresh blue + smile yellow [Accent adjusted from #FBBF24 for WCAG 3:1]
61,Veterinary Clinic,#0D9488,#FFFFFF,#14B8A6,#0F172A,#EA580C,#FFFFFF,#F0FDFA,#134E4A,#FFFFFF,#134E4A,#E8F1F4,#64748B,#99F6E4,#DC2626,#FFFFFF,#0D9488,Caring teal + warm orange [Accent adjusted from #F97316 for WCAG 3:1]
62,Florist/Plant Shop,#15803D,#FFFFFF,#22C55E,#0F172A,#EC4899,#FFFFFF,#F0FDF4,#14532D,#FFFFFF,#14532D,#E8F0F1,#64748B,#BBF7D0,#DC2626,#FFFFFF,#15803D,Natural green + floral pink
63,Bakery/Cafe,#92400E,#FFFFFF,#B45309,#FFFFFF,#92400E,#FFFFFF,#FEF3C7,#78350F,#FFFFFF,#78350F,#EDEEF0,#64748B,#FDE68A,#DC2626,#FFFFFF,#92400E,Warm brown + cream white [Accent adjusted from #F8FAFC for WCAG 3:1]
64,Brewery/Winery,#7C2D12,#FFFFFF,#B91C1C,#FFFFFF,#A16207,#FFFFFF,#FEF2F2,#450A0A,#FFFFFF,#450A0A,#ECEDF0,#64748B,#FECACA,#DC2626,#FFFFFF,#7C2D12,Deep burgundy + craft gold [Accent adjusted from #CA8A04 for WCAG 3:1]
65,Airline,#1E3A8A,#FFFFFF,#3B82F6,#FFFFFF,#EA580C,#FFFFFF,#EFF6FF,#1E40AF,#FFFFFF,#1E40AF,#E9EEF5,#64748B,#BFDBFE,#DC2626,#FFFFFF,#1E3A8A,Sky blue + booking orange [Accent adjusted from #F97316 for WCAG 3:1]
66,News/Media Platform,#DC2626,#FFFFFF,#EF4444,#FFFFFF,#1E40AF,#FFFFFF,#FEF2F2,#450A0A,#FFFFFF,#450A0A,#F0EDF1,#64748B,#FECACA,#DC2626,#FFFFFF,#DC2626,Breaking red + link blue
67,Magazine/Blog,#18181B,#FFFFFF,#3F3F46,#FFFFFF,#EC4899,#FFFFFF,#FAFAFA,#09090B,#FFFFFF,#09090B,#E8ECF0,#64748B,#E4E4E7,#DC2626,#FFFFFF,#18181B,Editorial black + accent pink
68,Freelancer Platform,#6366F1,#FFFFFF,#818CF8,#0F172A,#16A34A,#FFFFFF,#EEF2FF,#312E81,#FFFFFF,#312E81,#EBEFF9,#64748B,#C7D2FE,#DC2626,#FFFFFF,#6366F1,Creative indigo + hire green [Accent adjusted from #22C55E for WCAG 3:1]
69,Marketing Agency,#EC4899,#FFFFFF,#F472B6,#0F172A,#0891B2,#FFFFFF,#FDF2F8,#831843,#FFFFFF,#831843,#F1EEF5,#64748B,#FBCFE8,#DC2626,#FFFFFF,#EC4899,Bold pink + creative cyan [Accent adjusted from #06B6D4 for WCAG 3:1]
70,Event Management,#7C3AED,#FFFFFF,#A78BFA,#0F172A,#EA580C,#FFFFFF,#FAF5FF,#4C1D95,#FFFFFF,#4C1D95,#ECEEF9,#64748B,#DDD6FE,#DC2626,#FFFFFF,#7C3AED,Excitement purple + action orange [Accent adjusted from #F97316 for WCAG 3:1]
71,Membership/Community,#7C3AED,#FFFFFF,#A78BFA,#0F172A,#16A34A,#FFFFFF,#FAF5FF,#4C1D95,#FFFFFF,#4C1D95,#ECEEF9,#64748B,#DDD6FE,#DC2626,#FFFFFF,#7C3AED,Community purple + join green [Accent adjusted from #22C55E for WCAG 3:1]
72,Newsletter Platform,#0369A1,#FFFFFF,#0EA5E9,#0F172A,#EA580C,#FFFFFF,#F0F9FF,#0C4A6E,#FFFFFF,#0C4A6E,#E7EFF5,#64748B,#BAE6FD,#DC2626,#FFFFFF,#0369A1,Trust blue + subscribe orange [Accent adjusted from #F97316 for WCAG 3:1]
73,Digital Products/Downloads,#6366F1,#FFFFFF,#818CF8,#0F172A,#16A34A,#FFFFFF,#EEF2FF,#312E81,#FFFFFF,#312E81,#EBEFF9,#64748B,#C7D2FE,#DC2626,#FFFFFF,#6366F1,Digital indigo + buy green [Accent adjusted from #22C55E for WCAG 3:1]
74,Church/Religious Organization,#7C3AED,#FFFFFF,#A78BFA,#0F172A,#A16207,#FFFFFF,#FAF5FF,#4C1D95,#FFFFFF,#4C1D95,#ECEEF9,#64748B,#DDD6FE,#DC2626,#FFFFFF,#7C3AED,Spiritual purple + warm gold [Accent adjusted from #CA8A04 for WCAG 3:1]
75,Sports Team/Club,#DC2626,#FFFFFF,#EF4444,#FFFFFF,#DC2626,#FFFFFF,#FEF2F2,#7F1D1D,#FFFFFF,#7F1D1D,#F0EDF1,#64748B,#FECACA,#DC2626,#FFFFFF,#DC2626,Team red + championship gold [Accent adjusted from #FBBF24 for WCAG 3:1]
76,Museum/Gallery,#18181B,#FFFFFF,#27272A,#FFFFFF,#18181B,#FFFFFF,#FAFAFA,#09090B,#FFFFFF,#09090B,#E8ECF0,#64748B,#E4E4E7,#DC2626,#FFFFFF,#18181B,Gallery black + white space [Accent adjusted from #F8FAFC for WCAG 3:1]
77,Theater/Cinema,#1E1B4B,#FFFFFF,#312E81,#FFFFFF,#CA8A04,#0F172A,#0F0F23,#F8FAFC,#1B1B30,#F8FAFC,#27273B,#94A3B8,#4338CA,#EF4444,#FFFFFF,#1E1B4B,Dramatic dark + spotlight gold
78,Language Learning App,#4F46E5,#FFFFFF,#818CF8,#0F172A,#16A34A,#FFFFFF,#EEF2FF,#312E81,#FFFFFF,#312E81,#EBEEF8,#64748B,#C7D2FE,#DC2626,#FFFFFF,#4F46E5,Learning indigo + progress green [Accent adjusted from #22C55E for WCAG 3:1]
79,Coding Bootcamp,#0F172A,#FFFFFF,#1E293B,#FFFFFF,#22C55E,#0F172A,#020617,#F8FAFC,#0E1223,#F8FAFC,#1A1E2F,#94A3B8,#334155,#EF4444,#FFFFFF,#0F172A,Terminal dark + success green
80,Cybersecurity Platform,#00FF41,#0F172A,#0D0D0D,#FFFFFF,#FF3333,#FFFFFF,#000000,#E0E0E0,#0C130E,#E0E0E0,#181818,#94A3B8,#1F1F1F,#EF4444,#FFFFFF,#00FF41,Matrix green + alert red
81,Developer Tool / IDE,#1E293B,#FFFFFF,#334155,#FFFFFF,#22C55E,#0F172A,#0F172A,#F8FAFC,#1B2336,#F8FAFC,#272F42,#94A3B8,#475569,#EF4444,#FFFFFF,#1E293B,Code dark + run green
82,Biotech / Life Sciences,#0EA5E9,#0F172A,#0284C7,#FFFFFF,#059669,#FFFFFF,#F0F9FF,#0C4A6E,#FFFFFF,#0C4A6E,#E8F2F8,#64748B,#BAE6FD,#DC2626,#FFFFFF,#0EA5E9,DNA blue + life green [Accent adjusted from #10B981 for WCAG 3:1]
83,Space Tech / Aerospace,#F8FAFC,#0F172A,#94A3B8,#0F172A,#3B82F6,#FFFFFF,#0B0B10,#F8FAFC,#1E1E23,#F8FAFC,#232328,#94A3B8,#1E293B,#EF4444,#FFFFFF,#F8FAFC,Star white + launch blue
84,Architecture / Interior,#171717,#FFFFFF,#404040,#FFFFFF,#A16207,#FFFFFF,#FFFFFF,#171717,#FFFFFF,#171717,#E8ECF0,#64748B,#E5E5E5,#DC2626,#FFFFFF,#171717,Minimal black + accent gold [Accent adjusted from #D4AF37 for WCAG 3:1]
85,Quantum Computing Interface,#00FFFF,#0F172A,#7B61FF,#FFFFFF,#FF00FF,#FFFFFF,#050510,#E0E0FF,#101823,#E0E0FF,#1D1D28,#94A3B8,#333344,#EF4444,#FFFFFF,#00FFFF,Quantum cyan + interference purple
86,Biohacking / Longevity App,#FF4D4D,#FFFFFF,#4D94FF,#FFFFFF,#059669,#FFFFFF,#F5F5F7,#1C1C1E,#FFFFFF,#1C1C1E,#F2EEF2,#64748B,#E5E5EA,#DC2626,#FFFFFF,#FF4D4D,Bio red/blue + vitality green [Accent adjusted from #00E676 for WCAG 3:1]
87,Autonomous Drone Fleet Manager,#00FF41,#0F172A,#008F11,#FFFFFF,#FF3333,#FFFFFF,#0D1117,#E6EDF3,#182424,#E6EDF3,#25292F,#94A3B8,#30363D,#EF4444,#FFFFFF,#00FF41,Terminal green + alert red
88,Generative Art Platform,#18181B,#FFFFFF,#3F3F46,#FFFFFF,#EC4899,#FFFFFF,#FAFAFA,#09090B,#FFFFFF,#09090B,#E8ECF0,#64748B,#E4E4E7,#DC2626,#FFFFFF,#18181B,Canvas neutral + creative pink
89,Spatial Computing OS / App,#FFFFFF,#0F172A,#E5E5E5,#0F172A,#FFFFFF,#0F172A,#888888,#000000,#999999,#000000,#777777,#D4D4D4,#CCCCCC,#FF3B30,#FFFFFF,#007AFF,Glass white + system blue [Accent adjusted from #007AFF for WCAG 3:1]
90,Sustainable Energy / Climate Tech,#059669,#FFFFFF,#10B981,#0F172A,#059669,#FFFFFF,#ECFDF5,#064E3B,#FFFFFF,#064E3B,#E8F1F3,#64748B,#A7F3D0,#DC2626,#FFFFFF,#059669,Nature green + solar gold [Accent adjusted from #FBBF24 for WCAG 3:1]
91,Personal Finance Tracker,#1E40AF,#FFFFFF,#3B82F6,#FFFFFF,#059669,#FFFFFF,#0F172A,#FFFFFF,#192134,#FFFFFF,#101A34,#94A3B8,"rgba(255,255,255,0.08)",#DC2626,#FFFFFF,#1E40AF,Trust blue + profit green on dark
92,Chat & Messaging App,#2563EB,#FFFFFF,#6366F1,#FFFFFF,#059669,#FFFFFF,#FFFFFF,#0F172A,#FFFFFF,#0F172A,#F1F5FD,#64748B,#E4ECFC,#DC2626,#FFFFFF,#2563EB,Messenger blue + online green
93,Notes & Writing App,#78716C,#FFFFFF,#A8A29E,#FFFFFF,#D97706,#FFFFFF,#FFFBEB,#0F172A,#FFFFFF,#0F172A,#F6F6F6,#64748B,#EEEDED,#DC2626,#FFFFFF,#78716C,Warm ink + amber accent on cream
94,Habit Tracker,#D97706,#FFFFFF,#F59E0B,#0F172A,#059669,#FFFFFF,#FFFBEB,#0F172A,#FFFFFF,#0F172A,#FCF6F0,#64748B,#FAEEE1,#DC2626,#FFFFFF,#D97706,Streak amber + habit green
95,Food Delivery / On-Demand,#EA580C,#FFFFFF,#F97316,#FFFFFF,#2563EB,#FFFFFF,#FFF7ED,#0F172A,#FFFFFF,#0F172A,#FDF4F0,#64748B,#FCEAE1,#DC2626,#FFFFFF,#EA580C,Appetizing orange + trust blue
96,Ride Hailing / Transportation,#1E293B,#FFFFFF,#334155,#FFFFFF,#2563EB,#FFFFFF,#0F172A,#FFFFFF,#192134,#FFFFFF,#10182B,#94A3B8,"rgba(255,255,255,0.08)",#DC2626,#FFFFFF,#1E293B,Map dark + route blue
97,Recipe & Cooking App,#9A3412,#FFFFFF,#C2410C,#FFFFFF,#059669,#FFFFFF,#FFFBEB,#0F172A,#FFFFFF,#0F172A,#F8F2F0,#64748B,#F2E6E2,#DC2626,#FFFFFF,#9A3412,Warm terracotta + fresh green
98,Meditation & Mindfulness,#7C3AED,#FFFFFF,#8B5CF6,#FFFFFF,#059669,#FFFFFF,#FAF5FF,#0F172A,#FFFFFF,#0F172A,#F7F3FD,#64748B,#EFE7FC,#DC2626,#FFFFFF,#7C3AED,Calm lavender + mindful green
99,Weather App,#0284C7,#FFFFFF,#0EA5E9,#FFFFFF,#F59E0B,#0F172A,#F0F9FF,#0F172A,#FFFFFF,#0F172A,#EFF7FB,#64748B,#E0F0F8,#DC2626,#FFFFFF,#0284C7,Sky blue + sun amber
100,Diary & Journal App,#92400E,#FFFFFF,#A16207,#FFFFFF,#6366F1,#FFFFFF,#FFFBEB,#0F172A,#FFFFFF,#0F172A,#F8F3F0,#64748B,#F1E8E2,#DC2626,#FFFFFF,#92400E,Warm journal brown + ink violet
101,CRM & Client Management,#2563EB,#FFFFFF,#3B82F6,#FFFFFF,#059669,#FFFFFF,#F8FAFC,#0F172A,#FFFFFF,#0F172A,#F1F5FD,#64748B,#E4ECFC,#DC2626,#FFFFFF,#2563EB,Professional blue + deal green
102,Inventory & Stock Management,#334155,#FFFFFF,#475569,#FFFFFF,#059669,#FFFFFF,#F8FAFC,#0F172A,#FFFFFF,#0F172A,#F2F3F4,#64748B,#E6E8EA,#DC2626,#FFFFFF,#334155,Industrial slate + stock green
103,Flashcard & Study Tool,#7C3AED,#FFFFFF,#8B5CF6,#FFFFFF,#059669,#FFFFFF,#FAF5FF,#0F172A,#FFFFFF,#0F172A,#F7F3FD,#64748B,#EFE7FC,#DC2626,#FFFFFF,#7C3AED,Study purple + correct green
104,Booking & Appointment App,#0284C7,#FFFFFF,#0EA5E9,#FFFFFF,#059669,#FFFFFF,#F0F9FF,#0F172A,#FFFFFF,#0F172A,#EFF7FB,#64748B,#E0F0F8,#DC2626,#FFFFFF,#0284C7,Calendar blue + available green
105,Invoice & Billing Tool,#1E3A5F,#FFFFFF,#2563EB,#FFFFFF,#059669,#FFFFFF,#F8FAFC,#0F172A,#FFFFFF,#0F172A,#F1F3F5,#64748B,#E4E7EB,#DC2626,#FFFFFF,#1E3A5F,Navy professional + paid green
106,Grocery & Shopping List,#059669,#FFFFFF,#10B981,#FFFFFF,#D97706,#FFFFFF,#ECFDF5,#0F172A,#FFFFFF,#0F172A,#F0F8F6,#64748B,#E1F2ED,#DC2626,#FFFFFF,#059669,Fresh green + food amber
107,Timer & Pomodoro,#DC2626,#FFFFFF,#EF4444,#FFFFFF,#059669,#FFFFFF,#0F172A,#FFFFFF,#192134,#FFFFFF,#1F1829,#94A3B8,"rgba(255,255,255,0.08)",#DC2626,#FFFFFF,#DC2626,Focus red on dark + break green
108,Parenting & Baby Tracker,#EC4899,#FFFFFF,#F472B6,#FFFFFF,#0284C7,#FFFFFF,#FDF2F8,#0F172A,#FFFFFF,#0F172A,#FDF4F8,#64748B,#FCE9F2,#DC2626,#FFFFFF,#EC4899,Soft pink + trust blue
109,Scanner & Document Manager,#1E293B,#FFFFFF,#334155,#FFFFFF,#2563EB,#FFFFFF,#F8FAFC,#0F172A,#FFFFFF,#0F172A,#F1F2F3,#64748B,#E4E5E7,#DC2626,#FFFFFF,#1E293B,Document grey + scan blue
110,Calendar & Scheduling App,#2563EB,#FFFFFF,#3B82F6,#FFFFFF,#059669,#FFFFFF,#F8FAFC,#0F172A,#FFFFFF,#0F172A,#F1F5FD,#64748B,#E4ECFC,#DC2626,#FFFFFF,#2563EB,Calendar blue + event green
111,Password Manager,#1E3A5F,#FFFFFF,#334155,#FFFFFF,#059669,#FFFFFF,#0F172A,#FFFFFF,#192134,#FFFFFF,#10192E,#94A3B8,"rgba(255,255,255,0.08)",#DC2626,#FFFFFF,#1E3A5F,Vault dark blue + secure green
112,Expense Splitter / Bill Split,#059669,#FFFFFF,#10B981,#FFFFFF,#DC2626,#FFFFFF,#F8FAFC,#0F172A,#FFFFFF,#0F172A,#F0F8F6,#64748B,#E1F2ED,#DC2626,#FFFFFF,#059669,Balance green + owe red
113,Voice Recorder & Memo,#DC2626,#FFFFFF,#EF4444,#FFFFFF,#2563EB,#FFFFFF,#FFFFFF,#0F172A,#FFFFFF,#0F172A,#FCF1F1,#64748B,#FAE4E4,#DC2626,#FFFFFF,#DC2626,Recording red + waveform blue
114,Bookmark & Read-Later,#D97706,#FFFFFF,#F59E0B,#0F172A,#2563EB,#FFFFFF,#FFFBEB,#0F172A,#FFFFFF,#0F172A,#FCF6F0,#64748B,#FAEEE1,#DC2626,#FFFFFF,#D97706,Warm amber + link blue
115,Translator App,#2563EB,#FFFFFF,#0891B2,#FFFFFF,#EA580C,#FFFFFF,#F8FAFC,#0F172A,#FFFFFF,#0F172A,#F1F5FD,#64748B,#E4ECFC,#DC2626,#FFFFFF,#2563EB,Global blue + teal + accent orange
116,Calculator & Unit Converter,#EA580C,#FFFFFF,#F97316,#FFFFFF,#2563EB,#FFFFFF,#1C1917,#FFFFFF,#262321,#FFFFFF,#2C1E16,#94A3B8,"rgba(255,255,255,0.08)",#DC2626,#FFFFFF,#EA580C,Operation orange on dark
117,Alarm & World Clock,#D97706,#FFFFFF,#F59E0B,#0F172A,#6366F1,#FFFFFF,#0F172A,#FFFFFF,#192134,#FFFFFF,#1F1E27,#94A3B8,"rgba(255,255,255,0.08)",#DC2626,#FFFFFF,#D97706,Time amber + night indigo on dark
118,File Manager & Transfer,#2563EB,#FFFFFF,#3B82F6,#FFFFFF,#D97706,#FFFFFF,#F8FAFC,#0F172A,#FFFFFF,#0F172A,#F1F5FD,#64748B,#E4ECFC,#DC2626,#FFFFFF,#2563EB,Folder blue + file amber
119,Email Client,#2563EB,#FFFFFF,#3B82F6,#FFFFFF,#DC2626,#FFFFFF,#FFFFFF,#0F172A,#FFFFFF,#0F172A,#F1F5FD,#64748B,#E4ECFC,#DC2626,#FFFFFF,#2563EB,Inbox blue + priority red
120,Casual Puzzle Game,#EC4899,#FFFFFF,#8B5CF6,#FFFFFF,#F59E0B,#0F172A,#FDF2F8,#0F172A,#FFFFFF,#0F172A,#FDF4F8,#64748B,#FCE9F2,#DC2626,#FFFFFF,#EC4899,Cheerful pink + reward gold
121,Trivia & Quiz Game,#2563EB,#FFFFFF,#7C3AED,#FFFFFF,#F59E0B,#0F172A,#EFF6FF,#0F172A,#FFFFFF,#0F172A,#F1F5FD,#64748B,#E4ECFC,#DC2626,#FFFFFF,#2563EB,Quiz blue + gold leaderboard
122,Card & Board Game,#15803D,#FFFFFF,#166534,#FFFFFF,#D97706,#FFFFFF,#0F172A,#FFFFFF,#192134,#FFFFFF,#0F1F2B,#94A3B8,"rgba(255,255,255,0.08)",#DC2626,#FFFFFF,#15803D,Felt green + gold on dark
123,Idle & Clicker Game,#D97706,#FFFFFF,#F59E0B,#0F172A,#7C3AED,#FFFFFF,#FFFBEB,#0F172A,#FFFFFF,#0F172A,#FCF6F0,#64748B,#FAEEE1,#DC2626,#FFFFFF,#D97706,Coin gold + prestige purple
124,Word & Crossword Game,#15803D,#FFFFFF,#059669,#FFFFFF,#D97706,#FFFFFF,#FFFFFF,#0F172A,#FFFFFF,#0F172A,#F0F7F3,#64748B,#E2EFE7,#DC2626,#FFFFFF,#15803D,Word green + letter amber
125,Arcade & Retro Game,#DC2626,#FFFFFF,#2563EB,#FFFFFF,#22C55E,#0F172A,#0F172A,#FFFFFF,#192134,#FFFFFF,#1F1829,#94A3B8,"rgba(255,255,255,0.08)",#DC2626,#FFFFFF,#DC2626,Neon red+blue on dark + score green
126,Photo Editor & Filters,#7C3AED,#FFFFFF,#6366F1,#FFFFFF,#0891B2,#FFFFFF,#0F172A,#FFFFFF,#192134,#FFFFFF,#171939,#94A3B8,"rgba(255,255,255,0.08)",#DC2626,#FFFFFF,#7C3AED,Editor violet + filter cyan on dark
127,Short Video Editor,#EC4899,#FFFFFF,#DB2777,#FFFFFF,#2563EB,#FFFFFF,#0F172A,#FFFFFF,#192134,#FFFFFF,#201A32,#94A3B8,"rgba(255,255,255,0.08)",#DC2626,#FFFFFF,#EC4899,Video pink on dark + timeline blue
128,Drawing & Sketching Canvas,#7C3AED,#FFFFFF,#8B5CF6,#FFFFFF,#0891B2,#FFFFFF,#1C1917,#FFFFFF,#262321,#FFFFFF,#231B28,#94A3B8,"rgba(255,255,255,0.08)",#DC2626,#FFFFFF,#7C3AED,Canvas purple + tool teal on dark
129,Music Creation & Beat Maker,#7C3AED,#FFFFFF,#6366F1,#FFFFFF,#22C55E,#0F172A,#0F172A,#FFFFFF,#192134,#FFFFFF,#171939,#94A3B8,"rgba(255,255,255,0.08)",#DC2626,#FFFFFF,#7C3AED,Studio purple + waveform green on dark
130,Meme & Sticker Maker,#EC4899,#FFFFFF,#F59E0B,#0F172A,#2563EB,#FFFFFF,#FFFFFF,#0F172A,#FFFFFF,#0F172A,#FDF4F8,#64748B,#FCE9F2,#DC2626,#FFFFFF,#EC4899,Viral pink + comedy yellow + share blue
131,AI Photo & Avatar Generator,#7C3AED,#FFFFFF,#6366F1,#FFFFFF,#EC4899,#FFFFFF,#FAF5FF,#0F172A,#FFFFFF,#0F172A,#F7F3FD,#64748B,#EFE7FC,#DC2626,#FFFFFF,#7C3AED,AI purple + generation pink
132,Link-in-Bio Page Builder,#2563EB,#FFFFFF,#7C3AED,#FFFFFF,#EC4899,#FFFFFF,#FFFFFF,#0F172A,#FFFFFF,#0F172A,#F1F5FD,#64748B,#E4ECFC,#DC2626,#FFFFFF,#2563EB,Brand blue + creator purple
133,Wardrobe & Outfit Planner,#BE185D,#FFFFFF,#EC4899,#FFFFFF,#D97706,#FFFFFF,#FDF2F8,#0F172A,#FFFFFF,#0F172A,#FBF1F5,#64748B,#F7E3EB,#DC2626,#FFFFFF,#BE185D,Fashion rose + gold accent
134,Plant Care Tracker,#15803D,#FFFFFF,#059669,#FFFFFF,#D97706,#FFFFFF,#F0FDF4,#0F172A,#FFFFFF,#0F172A,#F0F7F3,#64748B,#E2EFE7,#DC2626,#FFFFFF,#15803D,Nature green + sun yellow
135,Book & Reading Tracker,#78716C,#FFFFFF,#92400E,#FFFFFF,#D97706,#FFFFFF,#FFFBEB,#0F172A,#FFFFFF,#0F172A,#F6F6F6,#64748B,#EEEDED,#DC2626,#FFFFFF,#78716C,Book brown + page amber
136,Couple & Relationship App,#BE185D,#FFFFFF,#EC4899,#FFFFFF,#DC2626,#FFFFFF,#FDF2F8,#0F172A,#FFFFFF,#0F172A,#FBF1F5,#64748B,#F7E3EB,#DC2626,#FFFFFF,#BE185D,Romance rose + love red
137,Family Calendar & Chores,#2563EB,#FFFFFF,#059669,#FFFFFF,#D97706,#FFFFFF,#F8FAFC,#0F172A,#FFFFFF,#0F172A,#F1F5FD,#64748B,#E4ECFC,#DC2626,#FFFFFF,#2563EB,Family blue + chore green
138,Mood Tracker,#7C3AED,#FFFFFF,#6366F1,#FFFFFF,#D97706,#FFFFFF,#FAF5FF,#0F172A,#FFFFFF,#0F172A,#F7F3FD,#64748B,#EFE7FC,#DC2626,#FFFFFF,#7C3AED,Mood purple + insight amber
139,Gift & Wishlist,#DC2626,#FFFFFF,#D97706,#FFFFFF,#EC4899,#FFFFFF,#FFF1F2,#0F172A,#FFFFFF,#0F172A,#FCF1F1,#64748B,#FAE4E4,#DC2626,#FFFFFF,#DC2626,Gift red + gold + surprise pink
140,Running & Cycling GPS,#EA580C,#FFFFFF,#F97316,#FFFFFF,#059669,#FFFFFF,#0F172A,#FFFFFF,#192134,#FFFFFF,#201C27,#94A3B8,"rgba(255,255,255,0.08)",#DC2626,#FFFFFF,#EA580C,Energetic orange + pace green on dark
141,Yoga & Stretching Guide,#6B7280,#FFFFFF,#78716C,#FFFFFF,#0891B2,#FFFFFF,#F5F5F0,#0F172A,#FFFFFF,#0F172A,#F6F6F7,#64748B,#EDEEEF,#DC2626,#FFFFFF,#6B7280,Sage neutral + calm teal
142,Sleep Tracker,#4338CA,#FFFFFF,#6366F1,#FFFFFF,#7C3AED,#FFFFFF,#0F172A,#FFFFFF,#192134,#FFFFFF,#131936,#94A3B8,"rgba(255,255,255,0.08)",#DC2626,#FFFFFF,#4338CA,Night indigo + dream violet on dark
143,Calorie & Nutrition Counter,#059669,#FFFFFF,#10B981,#FFFFFF,#EA580C,#FFFFFF,#ECFDF5,#0F172A,#FFFFFF,#0F172A,#F0F8F6,#64748B,#E1F2ED,#DC2626,#FFFFFF,#059669,Healthy green + macro orange
144,Period & Cycle Tracker,#BE185D,#FFFFFF,#EC4899,#FFFFFF,#7C3AED,#FFFFFF,#FDF2F8,#0F172A,#FFFFFF,#0F172A,#FBF1F5,#64748B,#F7E3EB,#DC2626,#FFFFFF,#BE185D,Blush rose + fertility lavender
145,Medication & Pill Reminder,#0284C7,#FFFFFF,#0891B2,#FFFFFF,#DC2626,#FFFFFF,#F0F9FF,#0F172A,#FFFFFF,#0F172A,#EFF7FB,#64748B,#E0F0F8,#DC2626,#FFFFFF,#0284C7,Medical blue + alert red
146,Water & Hydration Reminder,#0284C7,#FFFFFF,#06B6D4,#FFFFFF,#0891B2,#FFFFFF,#F0F9FF,#0F172A,#FFFFFF,#0F172A,#EFF7FB,#64748B,#E0F0F8,#DC2626,#FFFFFF,#0284C7,Refreshing blue + water cyan
147,Fasting & Intermittent Timer,#6366F1,#FFFFFF,#4338CA,#FFFFFF,#059669,#FFFFFF,#0F172A,#FFFFFF,#192134,#FFFFFF,#151D39,#94A3B8,"rgba(255,255,255,0.08)",#DC2626,#FFFFFF,#6366F1,Fasting indigo on dark + eating green
148,Anonymous Community / Confession,#475569,#FFFFFF,#334155,#FFFFFF,#0891B2,#FFFFFF,#0F172A,#FFFFFF,#192134,#FFFFFF,#131B2F,#94A3B8,"rgba(255,255,255,0.08)",#DC2626,#FFFFFF,#475569,Protective grey + subtle teal on dark
149,Local Events & Discovery,#EA580C,#FFFFFF,#F97316,#FFFFFF,#2563EB,#FFFFFF,#FFF7ED,#0F172A,#FFFFFF,#0F172A,#FDF4F0,#64748B,#FCEAE1,#DC2626,#FFFFFF,#EA580C,Event orange + map blue
150,Study Together / Virtual Coworking,#2563EB,#FFFFFF,#3B82F6,#FFFFFF,#059669,#FFFFFF,#F8FAFC,#0F172A,#FFFFFF,#0F172A,#F1F5FD,#64748B,#E4ECFC,#DC2626,#FFFFFF,#2563EB,Focus blue + session green
151,Coding Challenge & Practice,#22C55E,#0F172A,#059669,#FFFFFF,#D97706,#FFFFFF,#0F172A,#FFFFFF,#192134,#FFFFFF,#10242E,#94A3B8,"rgba(255,255,255,0.08)",#DC2626,#FFFFFF,#22C55E,Code green + difficulty amber on dark
152,Kids Learning (ABC & Math),#2563EB,#FFFFFF,#F59E0B,#0F172A,#EC4899,#FFFFFF,#EFF6FF,#0F172A,#FFFFFF,#0F172A,#F1F5FD,#64748B,#E4ECFC,#DC2626,#FFFFFF,#2563EB,Learning blue + play yellow + fun pink
153,Music Instrument Learning,#DC2626,#FFFFFF,#9A3412,#FFFFFF,#D97706,#FFFFFF,#FFFBEB,#0F172A,#FFFFFF,#0F172A,#FCF1F1,#64748B,#FAE4E4,#DC2626,#FFFFFF,#DC2626,Musical red + warm amber
154,Parking Finder,#2563EB,#FFFFFF,#059669,#FFFFFF,#DC2626,#FFFFFF,#F0F9FF,#0F172A,#FFFFFF,#0F172A,#F1F5FD,#64748B,#E4ECFC,#DC2626,#FFFFFF,#2563EB,Available blue/green + occupied red
155,Public Transit Guide,#2563EB,#FFFFFF,#0891B2,#FFFFFF,#EA580C,#FFFFFF,#F8FAFC,#0F172A,#FFFFFF,#0F172A,#F1F5FD,#64748B,#E4ECFC,#DC2626,#FFFFFF,#2563EB,Transit blue + line colors
156,Road Trip Planner,#EA580C,#FFFFFF,#0891B2,#FFFFFF,#D97706,#FFFFFF,#FFF7ED,#0F172A,#FFFFFF,#0F172A,#FDF4F0,#64748B,#FCEAE1,#DC2626,#FFFFFF,#EA580C,Adventure orange + map teal
157,VPN & Privacy Tool,#1E3A5F,#FFFFFF,#334155,#FFFFFF,#22C55E,#0F172A,#0F172A,#FFFFFF,#192134,#FFFFFF,#10192E,#94A3B8,"rgba(255,255,255,0.08)",#DC2626,#FFFFFF,#1E3A5F,Shield dark + connected green
158,Emergency SOS & Safety,#DC2626,#FFFFFF,#EF4444,#FFFFFF,#2563EB,#FFFFFF,#FFF1F2,#0F172A,#FFFFFF,#0F172A,#FCF1F1,#64748B,#FAE4E4,#DC2626,#FFFFFF,#DC2626,Alert red + safety blue
159,Wallpaper & Theme App,#7C3AED,#FFFFFF,#EC4899,#FFFFFF,#2563EB,#FFFFFF,#FAF5FF,#0F172A,#FFFFFF,#0F172A,#F7F3FD,#64748B,#EFE7FC,#DC2626,#FFFFFF,#7C3AED,Aesthetic purple + trending pink
160,White Noise & Ambient Sound,#475569,#FFFFFF,#334155,#FFFFFF,#4338CA,#FFFFFF,#0F172A,#FFFFFF,#192134,#FFFFFF,#131B2F,#94A3B8,"rgba(255,255,255,0.08)",#DC2626,#FFFFFF,#475569,Ambient grey + deep indigo on dark
161,Home Decoration & Interior Design,#78716C,#FFFFFF,#A8A29E,#FFFFFF,#D97706,#FFFFFF,#FAF5F2,#0F172A,#FFFFFF,#0F172A,#F6F6F6,#64748B,#EEEDED,#DC2626,#FFFFFF,#78716C,Interior warm grey + gold accent